{"name":"Atomsql","tagline":"Atom SQL - Lightweight SQL Alternative for Modern Age Programmers, Data Scientists","body":"# Atom SQL\r\n\r\nAlternative, Simpler SQL for most common queries. We can mix regular SQL with\r\nAtomSQL. The interpreter will work accordingly.\r\n\r\n# Pre-requisites\r\n\r\nAlready comfortable with RDBMS and knows how to use SQL\r\n\r\n# AtomSQL Grammar\r\n\r\n* Tables Meta Information\r\n    * `*` - List Tables\r\n    * `table_name` - Describe the table\r\n    * `=` `table_name` - Show the CREATE TABLE\r\n* SELECT Flavor\r\n    * `table_name` `<` `column1` `,column2` `, ...` `>` - Select specified columns from table\r\n    * `table_name` `<` `column1` `,column2` `, ...` `>` `[` `LIMIT` `]` - Select specified columns from table with LIMIT\r\n    * `table_name` `<` `column1` `,column2` `, ...` `>` `[` `LIMIT` `,` `OFFSET` `]` - Select specified COLUMNS from table with LIMIT & OFFSET\r\n    * `table_name` `<` `column1` `,column2` `, ...` `>` `(` `where_condition` `)` - Select specified COLUMNS from table with a condition.\r\n    * `table_name` `<` `column1` `,column2` `, ...` `>` `(` `where_condition` `)` `[` `LIMIT` `,` `OFFSET` `]` - Select specified COLUMNS from table with a condition.\r\n* SELECT & JOINS Flavor\r\n    * `table_name1` `,` `table_name2`  `<` `column` `,` `column2` `>` `(` `where_condition` `)` - Join tables against a condition\r\n* GROUP BY, ORDER BY, HAVING Flavors\r\n    * `table_name` `<` `column1` `,column2` `, ...` `>` `(` `where_condition` `orderby_specification` `groupby_specification` `)` `[` `LIMIT` `,` `OFFSET` `]` - Select specified COLUMNS from table with a condition.\r\n* CREATE Flavor\r\n    * `table_name` `{` `column_name column_attributes` `, ...` `}` - Create table with defined columns\r\n* Table Deletion\r\n    * `!!` `table_name` - Drop table\r\n    * `!` `table_name` - Remove all records from table\r\n    * `!` `table_name` `(` `where_condition` `)` - Empty table contents of table matching condition\r\n* Alter Table\r\n    * `table_name` `+` `column_name` `column_attributes` - Add new column to the table\r\n    * `table_name` `-` `column_name` - Remove column from the table\r\n    * `table_name` `=` `column_name` `column_attributes` - Change column datatype\r\n* Table Copying\r\n    * `table_name1` `->` `table_name2` - Copy table structure from LH table to RH table\r\n    * `table_name2` `<-` `table_name1` - Copy table structure from RH table to LH table\r\n    * `table_name2` `=` `table_name1` - Copy all records from RH table to LH table\r\n* INSERT Flavor\r\n    * `table_name` `[` `(column1_value, column2_value ...)` `]` - Insert Record into table\r\n    * `table_name` `[` `(column1_value, column2_value ...)` `, ...` `]` - Insert multiple records into table\r\n    * `table_name` `<` `column1, column2, ...` `>` `=` `[` `(column1_value, column2_value, ...)` `, ...` `]` - Insert multiple records into table via specified columns\r\n* UPDATE Flavor\r\n    * `table_name` `|` `column1_update_specification, ...` `|` `(condition_specification)` - Update columns according to specification\r\n\r\n# Remembering the Syntax\r\n\r\nFew tips to remember the syntax\r\n\r\n1. Most of the Queries begin with tables, unless there is importance to the\r\n   operation (like delete, for example)\r\n2. Queries are constructed in their Natural SQL Flow\r\n2. () are used to represent Expressions in SELECT, INSERT, UPDATE queries\r\n3. <> are used to select multiple columns in SELECT, INSERT queries\r\n4. || are used for update Expressions in UPDATE query\r\n5. [] are used for LIMIT, OFFSET in SELECT and INSERT\r\n\r\n# Explanation with examples\r\n\r\n## Connect to server and choose a database\r\n\r\n```\r\nmysql -u root -p -h localhost\r\n```\r\n\r\n```\r\nmysql > use test;\r\nReading table information for completion of table and column names\r\nYou can turn off this feature to get a quicker startup with -A\r\n\r\n```\r\n\r\n## View the list of all tables\r\n\r\n```\r\nmysql > *;\r\nEmpty set (0.00 sec)\r\n\r\n```\r\n\r\n## Create a new table\r\n\r\n```\r\nmysql > employee { id integer primary key auto_increment, name varchar(255), gender char(1), phone varchar(20), email varchar(255) };\r\nQuery OK, 0 row affected (0.17 sec)\r\nRecords: 0  Warnings: 0\r\n\r\nmysql >\r\n\r\n```\r\n\r\n## Describe the table\r\n\r\n```\r\nmysql > employee;\r\n┏━━━━━━━━┳━━━━━━━━━━━━━━┳━━━━━━┳━━━━━┳━━━━━━━━━┳━━━━━━━━━━━━━━━━┓\r\n┃ Field  ┃ Type         ┃ Null ┃ Key ┃ Default ┃ Extra          ┃\r\n┡━━━━━━━━╇━━━━━━━━━━━━━━╇━━━━━━╇━━━━━╇━━━━━━━━━╇━━━━━━━━━━━━━━━━┩\r\n│ id     │ int(11)      │ NO   │ PRI │ NULL    │ auto_increment │\r\n│ name   │ varchar(255) │ YES  │     │ NULL    │                │\r\n│ gender │ char(1)      │ YES  │     │ NULL    │                │\r\n│ phone  │ varchar(20)  │ YES  │     │ NULL    │                │\r\n│ email  │ varchar(255) │ YES  │     │ NULL    │                │\r\n└────────┴──────────────┴──────┴─────┴─────────┴────────────────┘\r\n5 rows in set (0.00 sec)\r\n\r\nmysql >\r\n\r\n```\r\n\r\n## List the contents of the table\r\n\r\n```\r\nmysql > employee <*>;\r\nEmpty set (0.00 sec)\r\n\r\nmysql >\r\n\r\n```\r\n\r\n## Insert few records into the table\r\n\r\n```\r\nmysql > employee <name, gender, phone, email> = [ ( \"John Doe\", \"M\", \"+1 1234 567 890\", \"john.doe@acme.org\" ) ];\r\nQuery OK, 1 row affected (0.08 sec)\r\nRecords: 1  Warnings: 0\r\n\r\nmysql >\r\n\r\n```\r\n\r\n## Insert records in bulk\r\n\r\n```\r\nmysql > employee <name, gender, phone, email> = [ ( \"Armando Rodriquez\", \"M\", \"+1 1234 567 891\", \"armando.rodiriquez@acme.org\" ), (\"Ignacio Hopkins\", \"M\", \"+1 1234 567 892\", \"ignacio.hopkins@acme.org\") ];\r\nQuery OK, 2 rows affected (0.14 sec)\r\nRecords: 2  Warnings: 0\r\n\r\nmysql >\r\n\r\n```\r\n\r\n## Count the records from the table\r\n\r\n```\r\nmysql > employee <count(*)>;\r\n┏━━━━━━━━━━┓\r\n┃ count(*) ┃\r\n┡━━━━━━━━━━┩\r\n│        3 │\r\n└──────────┘\r\n1 rows in set (0.00 sec)\r\n\r\nmysql >\r\n\r\n```\r\n\r\n## Display the records from the table\r\n\r\n```\r\nmysql > employee <*>;\r\n┏━━━━┳━━━━━━━━━━━━━━━━━━━┳━━━━━━━━┳━━━━━━━━━━━━━━━━━┳━━━━━━━━━━━━━━━━━━━━━━━━━━━━━┓\r\n┃ id ┃ name              ┃ gender ┃ phone           ┃ email                       ┃\r\n┡━━━━╇━━━━━━━━━━━━━━━━━━━╇━━━━━━━━╇━━━━━━━━━━━━━━━━━╇━━━━━━━━━━━━━━━━━━━━━━━━━━━━━┩\r\n│  1 │ John Doe          │ M      │ +1 1234 567 890 │ john.doe@acme.org           │\r\n│  2 │ Armando Rodriquez │ M      │ +1 1234 567 891 │ armando.rodiriquez@acme.org │\r\n│  3 │ Ignacio Hopkins   │ M      │ +1 1234 567 892 │ ignacio.hopkins@acme.org    │\r\n└────┴───────────────────┴────────┴─────────────────┴─────────────────────────────┘\r\n3 rows in set (0.00 sec)\r\n\r\nmysql >\r\n\r\n```\r\n\r\n## Display the records from the table with LIMIT\r\n\r\n```\r\nmysql > employee <*>[1];\r\n┏━━━━┳━━━━━━━━━━┳━━━━━━━━┳━━━━━━━━━━━━━━━━━┳━━━━━━━━━━━━━━━━━━━┓\r\n┃ id ┃ name     ┃ gender ┃ phone           ┃ email             ┃\r\n┡━━━━╇━━━━━━━━━━╇━━━━━━━━╇━━━━━━━━━━━━━━━━━╇━━━━━━━━━━━━━━━━━━━┩\r\n│  1 │ John Doe │ M      │ +1 1234 567 890 │ john.doe@acme.org │\r\n└────┴──────────┴────────┴─────────────────┴───────────────────┘\r\n1 rows in set (0.00 sec)\r\n\r\n```\r\n\r\n## Display the records from the table with LIMIT, OFFSET\r\n\r\n```\r\nmysql > employee <*>[1,1];\r\n┏━━━━┳━━━━━━━━━━━━━━━━━━━┳━━━━━━━━┳━━━━━━━━━━━━━━━━━┳━━━━━━━━━━━━━━━━━━━━━━━━━━━━━┓\r\n┃ id ┃ name              ┃ gender ┃ phone           ┃ email                       ┃\r\n┡━━━━╇━━━━━━━━━━━━━━━━━━━╇━━━━━━━━╇━━━━━━━━━━━━━━━━━╇━━━━━━━━━━━━━━━━━━━━━━━━━━━━━┩\r\n│  2 │ Armando Rodriquez │ M      │ +1 1234 567 891 │ armando.rodiriquez@acme.org │\r\n└────┴───────────────────┴────────┴─────────────────┴─────────────────────────────┘\r\n1 rows in set (0.00 sec)\r\n\r\nmysql >\r\n\r\n```\r\n\r\n\r\n## Display the records from the table with WHERE Clause\r\n\r\n```\r\nmysql > employee <*>(id > 1);\r\n┏━━━━┳━━━━━━━━━━━━━━━━━━━┳━━━━━━━━┳━━━━━━━━━━━━━━━━━┳━━━━━━━━━━━━━━━━━━━━━━━━━━━━━┓\r\n┃ id ┃ name              ┃ gender ┃ phone           ┃ email                       ┃\r\n┡━━━━╇━━━━━━━━━━━━━━━━━━━╇━━━━━━━━╇━━━━━━━━━━━━━━━━━╇━━━━━━━━━━━━━━━━━━━━━━━━━━━━━┩\r\n│  2 │ Armando Rodriquez │ M      │ +1 1234 567 891 │ armando.rodiriquez@acme.org │\r\n│  3 │ Ignacio Hopkins   │ M      │ +1 1234 567 892 │ ignacio.hopkins@acme.org    │\r\n└────┴───────────────────┴────────┴─────────────────┴─────────────────────────────┘\r\n2 rows in set (0.00 sec)\r\n\r\nmysql >\r\n\r\n```\r\n\r\n## Display the records from the table with WHERE Clause & Column Aliasing\r\n\r\n```\r\nmysql > employee <name \"Name\", gender Gender, phone 'Mobile', email \"E-Mail\"> (id > 1 or id > 2);\r\n┏━━━━━━━━━━━━━━━━━━━┳━━━━━━━━┳━━━━━━━━━━━━━━━━━┳━━━━━━━━━━━━━━━━━━━━━━━━━━━━━┓\r\n┃ Name              ┃ Gender ┃ Mobile          ┃ E-Mail                      ┃\r\n┡━━━━━━━━━━━━━━━━━━━╇━━━━━━━━╇━━━━━━━━━━━━━━━━━╇━━━━━━━━━━━━━━━━━━━━━━━━━━━━━┩\r\n│ Armando Rodriquez │ M      │ +1 1234 567 891 │ armando.rodiriquez@acme.org │\r\n│ Ignacio Hopkins   │ M      │ +1 1234 567 892 │ ignacio.hopkins@acme.org    │\r\n└───────────────────┴────────┴─────────────────┴─────────────────────────────┘\r\n2 rows in set (0.01 sec)\r\n\r\nmysql >\r\n\r\n```\r\n\r\n## Copy Table Definition\r\n\r\n```\r\nmysql > employee -> employee_backup;\r\nQuery OK, 0 row affected (0.17 sec)\r\nRecords: 0  Warnings: 0\r\n\r\nmysql >\r\n\r\n```\r\n\r\n## Copy Table Data into another table\r\n\r\n```\r\nmysql > employee_backup = employee;\r\nQuery OK, 3 rows affected (0.09 sec)\r\nRecords: 3  Warnings: 0\r\n\r\nmysql >\r\n```\r\n\r\n## Add New Column to the table\r\n\r\n```\r\nmysql > employee +country char(2) default NULL;\r\nQuery OK, 3 rows affected (0.33 sec)\r\nRecords: 3  Warnings: 0\r\n\r\nmysql > employee;\r\nSQL : DESC employee\r\n┏━━━━━━━━━┳━━━━━━━━━━━━━━┳━━━━━━┳━━━━━┳━━━━━━━━━┳━━━━━━━━━━━━━━━━┓\r\n┃ Field   ┃ Type         ┃ Null ┃ Key ┃ Default ┃ Extra          ┃\r\n┡━━━━━━━━━╇━━━━━━━━━━━━━━╇━━━━━━╇━━━━━╇━━━━━━━━━╇━━━━━━━━━━━━━━━━┩\r\n│ id      │ int(11)      │ NO   │ PRI │ NULL    │ auto_increment │\r\n│ name    │ varchar(255) │ YES  │     │ NULL    │                │\r\n│ gender  │ char(1)      │ YES  │     │ NULL    │                │\r\n│ phone   │ varchar(20)  │ YES  │     │ NULL    │                │\r\n│ email   │ varchar(255) │ YES  │     │ NULL    │                │\r\n│ country │ char(2)      │ YES  │     │ NULL    │                │\r\n└─────────┴──────────────┴──────┴─────┴─────────┴────────────────┘\r\n6 rows in set (0.00 sec)\r\n\r\n```\r\n\r\n## Add another column to the table\r\n\r\n```\r\nmysql > employee +pin varchar(8) default NULL;\r\nQuery OK, 3 rows affected (0.49 sec)\r\nRecords: 3  Warnings: 0\r\n\r\nmysql >\r\n\r\n```\r\n\r\n## Remove Column from the table\r\n\r\n```\r\nmysql > employee -pin;\r\nQuery OK, 3 rows affected (0.32 sec)\r\nRecords: 3  Warnings: 0\r\n\r\nmysql >\r\n\r\n```\r\n\r\n## Update table contents\r\n\r\n```\r\nmysql > employee | country = 'US' | ( id = 1 );\r\nQuery OK, 1 row affected (0.08 sec)\r\nRecords: 1  Warnings: 0\r\n\r\nmysql > employee | country = 'JP' | ( id = 2 );\r\nQuery OK, 1 row affected (0.09 sec)\r\nRecords: 1  Warnings: 0\r\n\r\nmysql > employee | country = 'AR' | ( id = 3 );\r\nQuery OK, 1 row affected (0.08 sec)\r\nRecords: 1  Warnings: 0\r\n\r\nmysql >\r\n```\r\n\r\n## Delete Records from Table\r\n\r\n```\r\nmysql > ! employee;\r\nQuery OK, 0 row affected (0.14 sec)\r\nRecords: 0  Warnings: 0\r\n\r\nmysql >\r\n\r\n```\r\n\r\nTIP: Alternatively, `-employee` could've been used in the grammar. But, `!` or\r\n(bang) actually tells something big is happening.\r\n\r\n## Drop the table\r\n\r\n```\r\nmysql > !! employee;\r\nQuery OK, 0 row affected (0.08 sec)\r\nRecords: 0  Warnings: 0\r\n\r\nmysql >\r\n\r\nTIP: Double `bang` actually tells that something huge is going to happen.\r\n\r\n```\r\n\r\n*Revision: 0.1 - nareshv@ 1-Mar-2014*","google":"","note":"Don't delete this file! It's used internally to help with page regeneration."}